theta0,theta1
8499.59964993278,-214.48963591698873
